{"stat.beaconInteraction":3,"stat.chestOpened":1,"stat.walkOneCm":314607,"stat.horseOneCm":21500,"stat.useItem.minecraft.flint_and_steel":1,"stat.leaveGame":1,"stat.useItem.minecraft.iron_block":49,"stat.pickup.minecraft.light_weighted_pressure_plate":2,"stat.furnaceInteraction":2,"stat.useItem.minecraft.gold_block":25,"stat.pickup.minecraft.saddle":1,"stat.useItem.minecraft.lead":1,"stat.useItem.minecraft.bucket":12,"stat.flyOneCm":175631,"stat.pickup.minecraft.iron_door":2,"stat.jump":555,"stat.swimOneCm":11814,"stat.playOneMinute":75041,"stat.sneakTime":1493,"stat.pickup.minecraft.wool":5,"stat.damageDealt":100,"stat.crouchOneCm":2997,"stat.sleepInBed":4,"stat.timeSinceDeath":75041,"stat.useItem.minecraft.diamond_block":9,"stat.sprintOneCm":10084,"stat.useItem.minecraft.stone_slab2":1162,"stat.useItem.minecraft.light_weighted_pressure_plate":3,"stat.useItem.minecraft.spawn_egg":6,"stat.pickup.minecraft.mutton":9,"stat.diveOneCm":13183,"stat.useItem.minecraft.water_bucket":195,"stat.useItem.minecraft.iron_door":2,"stat.craftingTableInteraction":3}